<?xml version="1.0" encoding="utf-8" standalone="yes" ?>
<rss version="2.0" xmlns:atom="http://www.w3.org/2005/Atom">
  <channel>
    <title>Portfolio on Example site multi-language</title>
    <link>http://precisionwrapandtint.com/portfolio/</link>
    <description>Recent content in Portfolio on Example site multi-language</description>
    <generator>Hugo -- gohugo.io</generator>
    <language>en-us</language>
    <lastBuildDate>Sat, 07 Jul 2018 15:45:06 +0600</lastBuildDate>
    
	<atom:link href="http://precisionwrapandtint.com/portfolio/index.xml" rel="self" type="application/rss+xml" />
    
    
    <item>
      <title>FRANCAIS Portfolio</title>
      <link>http://precisionwrapandtint.com/portfolio/_index.fr/</link>
      <pubDate>Sat, 07 Jul 2018 15:45:06 +0600</pubDate>
      
      <guid>http://precisionwrapandtint.com/portfolio/_index.fr/</guid>
      <description></description>
    </item>
    
  </channel>
</rss>