<?xml version="1.0" encoding="utf-8" standalone="yes" ?>
<rss version="2.0" xmlns:atom="http://www.w3.org/2005/Atom">
  <channel>
    <title>Example site multi-language</title>
    <link>http://precisionwrapandtint.com/</link>
    <description>Recent content on Example site multi-language</description>
    <generator>Hugo -- gohugo.io</generator>
    <language>en-us</language>
    <lastBuildDate>Sun, 08 Jul 2018 12:22:40 +0600</lastBuildDate>
    
	<atom:link href="http://precisionwrapandtint.com/index.xml" rel="self" type="application/rss+xml" />
    
    
    <item>
      <title>Blog Photos on Phone</title>
      <link>http://precisionwrapandtint.com/blog/blog-photos-on-phone/</link>
      <pubDate>Sun, 08 Jul 2018 12:22:40 +0600</pubDate>
      
      <guid>http://precisionwrapandtint.com/blog/blog-photos-on-phone/</guid>
      <description>Viral dreamcatcher keytar typewriter, aesthetic offal umami. Wellness spaces that reach neglected communities of color are essential, says spiritual advisor, mojo health advocate, and writer Anna Smith. As the 26-year-old Brooklyn native will tell you in her signature metaphysical-no-chaser way, when your mojo is in a bad place every aspect of your life is affected. She’s part of a growing effort to foster more inclusive healing spaces that take into account how racism, poverty, ableism, misogyny, and gender discrimination inform our self-care needs.</description>
    </item>
    
    <item>
      <title>Blog Photos on Phone</title>
      <link>http://precisionwrapandtint.com/blog/blog-photos-on-phone/</link>
      <pubDate>Sun, 08 Jul 2018 12:22:40 +0600</pubDate>
      
      <guid>http://precisionwrapandtint.com/blog/blog-photos-on-phone/</guid>
      <description>Viral dreamcatcher keytar typewriter, aesthetic offal umami. Wellness spaces that reach neglected communities of color are essential, says spiritual advisor, mojo health advocate, and writer Anna Smith. As the 26-year-old Brooklyn native will tell you in her signature metaphysical-no-chaser way, when your mojo is in a bad place every aspect of your life is affected. She’s part of a growing effort to foster more inclusive healing spaces that take into account how racism, poverty, ableism, misogyny, and gender discrimination inform our self-care needs.</description>
    </item>
    
    <item>
      <title>How To Setup Navigator Hugo</title>
      <link>http://precisionwrapandtint.com/blog/installation/</link>
      <pubDate>Sun, 08 Jul 2018 12:22:40 +0600</pubDate>
      
      <guid>http://precisionwrapandtint.com/blog/installation/</guid>
      <description>Install this template by following those simple steps: STEP-1 : Hugo installation Check this link below for install hugo on your computer. hugo install documentation
STEP-2 : Create your project Hugo provides a new command to create a new website.
hugo new site &amp;lt;new_project&amp;gt;  STEP-3 : Install the theme Run this command
hugo new site navigator-hugo  and then go to the themes folder inside of navigator-hugo folder. You can also use this command cd navigator-hugo/themes for going to this folder.</description>
    </item>
    
    <item>
      <title>The Nourish Box August</title>
      <link>http://precisionwrapandtint.com/blog/the-nourish-box-august/</link>
      <pubDate>Sun, 08 Jul 2018 12:20:58 +0600</pubDate>
      
      <guid>http://precisionwrapandtint.com/blog/the-nourish-box-august/</guid>
      <description>Viral dreamcatcher keytar typewriter, aesthetic offal umami. Wellness spaces that reach neglected communities of color are essential, says spiritual advisor, mojo health advocate, and writer Anna Smith. As the 26-year-old Brooklyn native will tell you in her signature metaphysical-no-chaser way, when your mojo is in a bad place every aspect of your life is affected. She’s part of a growing effort to foster more inclusive healing spaces that take into account how racism, poverty, ableism, misogyny, and gender discrimination inform our self-care needs.</description>
    </item>
    
    <item>
      <title>This Show Has Divided</title>
      <link>http://precisionwrapandtint.com/blog/this-show-has-divided/</link>
      <pubDate>Sun, 08 Jul 2018 12:18:46 +0600</pubDate>
      
      <guid>http://precisionwrapandtint.com/blog/this-show-has-divided/</guid>
      <description>Chatting with the ancestors I always say my thanks to my ancestors and talk with them, with my guides. I talk to them about my day, what I want, what they need of me. I give my thanks to them for the day, even if I had a bad day. I let them know, ‘Thank you for making sure I ain’t die today, I survived through the fuck shit.It’s a big comfort to me to have that open line of communication because so many of my spirit guides are people who I knew in this lifetime who passed on, one being my father, one being my abuelita.</description>
    </item>
    
    <item>
      <title>Why You Need a Statement Bag</title>
      <link>http://precisionwrapandtint.com/blog/why-you-need-a-statement-bag-this-season/</link>
      <pubDate>Sun, 08 Jul 2018 12:11:29 +0600</pubDate>
      
      <guid>http://precisionwrapandtint.com/blog/why-you-need-a-statement-bag-this-season/</guid>
      <description>A cleansing hot shower or bath I like to start with taking a shower or a bath when getting ready for bed. I’ll always incorporate either Himalayan pink salt or Epsom salt into my routine. Then, I’ll do an in-shower meditation, just releasing my day and allowing it to wash down the drain. I like to start from the neck down to symbolize washing and removing anything, and then I go from the feet up after to symbolize recharging my energy.</description>
    </item>
    
    <item>
      <title>FRANCAIS Blog</title>
      <link>http://precisionwrapandtint.com/blog/_index.fr/</link>
      <pubDate>Sat, 07 Jul 2018 18:23:33 +0600</pubDate>
      
      <guid>http://precisionwrapandtint.com/blog/_index.fr/</guid>
      <description></description>
    </item>
    
    <item>
      <title>Are You Doing the Right Way</title>
      <link>http://precisionwrapandtint.com/blog/are-you-doing-the-right-way/</link>
      <pubDate>Sat, 07 Jul 2018 17:04:41 +0600</pubDate>
      
      <guid>http://precisionwrapandtint.com/blog/are-you-doing-the-right-way/</guid>
      <description>Introduction Lorem ipsum dolor sit amet, consectetur adipiscing elit, sed do eiusmod tempor incididunt ut labore et dolore magna aliqua. Sed euismod nisi porta lorem mollis aliquam ut porttitor leo. Turpis massa tincidunt dui ut ornare lectus sit amet est. Nisl rhoncus mattis rhoncus urna neque viverra justo nec. At volutpat diam ut venenatis. Mi quis hendrerit dolor magna eget. Dui ut ornare lectus sit amet est placerat. Urna cursus eget nunc scelerisque viverra.</description>
    </item>
    
    <item>
      <title>FRANCAIS Are You Doing the Right Way</title>
      <link>http://precisionwrapandtint.com/blog/are-you-doing-the-right-way.fr/</link>
      <pubDate>Sat, 07 Jul 2018 17:04:41 +0600</pubDate>
      
      <guid>http://precisionwrapandtint.com/blog/are-you-doing-the-right-way.fr/</guid>
      <description>Introduction Lorem ipsum dolor sit amet, consectetur adipiscing elit, sed do eiusmod tempor incididunt ut labore et dolore magna aliqua. Sed euismod nisi porta lorem mollis aliquam ut porttitor leo. Turpis massa tincidunt dui ut ornare lectus sit amet est. Nisl rhoncus mattis rhoncus urna neque viverra justo nec. At volutpat diam ut venenatis. Mi quis hendrerit dolor magna eget. Dui ut ornare lectus sit amet est placerat. Urna cursus eget nunc scelerisque viverra.</description>
    </item>
    
    <item>
      <title>Something I Need to Tell You</title>
      <link>http://precisionwrapandtint.com/blog/something-i-need-to-tell-you/</link>
      <pubDate>Sat, 07 Jul 2018 17:04:02 +0600</pubDate>
      
      <guid>http://precisionwrapandtint.com/blog/something-i-need-to-tell-you/</guid>
      <description>Introduction Lorem ipsum dolor sit amet, consectetur adipiscing elit, sed do eiusmod tempor incididunt ut labore et dolore magna aliqua. Sed euismod nisi porta lorem mollis aliquam ut porttitor leo. Turpis massa tincidunt dui ut ornare lectus sit amet est. Nisl rhoncus mattis rhoncus urna neque viverra justo nec. At volutpat diam ut venenatis. Mi quis hendrerit dolor magna eget. Dui ut ornare lectus sit amet est placerat. Urna cursus eget nunc scelerisque viverra.</description>
    </item>
    
    <item>
      <title>Ten Things About Business</title>
      <link>http://precisionwrapandtint.com/blog/ten-things-about-business/</link>
      <pubDate>Sat, 07 Jul 2018 16:57:54 +0600</pubDate>
      
      <guid>http://precisionwrapandtint.com/blog/ten-things-about-business/</guid>
      <description>Introduction Lorem ipsum dolor sit amet, consectetur adipiscing elit, sed do eiusmod tempor incididunt ut labore et dolore magna aliqua. Sed euismod nisi porta lorem mollis aliquam ut porttitor leo. Turpis massa tincidunt dui ut ornare lectus sit amet est. Nisl rhoncus mattis rhoncus urna neque viverra justo nec. At volutpat diam ut venenatis. Mi quis hendrerit dolor magna eget. Dui ut ornare lectus sit amet est placerat. Urna cursus eget nunc scelerisque viverra.</description>
    </item>
    
    <item>
      <title>FRANCAIS Contactez Nous</title>
      <link>http://precisionwrapandtint.com/contact/_index.fr/</link>
      <pubDate>Sat, 07 Jul 2018 15:53:27 +0600</pubDate>
      
      <guid>http://precisionwrapandtint.com/contact/_index.fr/</guid>
      <description></description>
    </item>
    
    <item>
      <title>FRANCAIS Portfolio</title>
      <link>http://precisionwrapandtint.com/portfolio/_index.fr/</link>
      <pubDate>Sat, 07 Jul 2018 15:45:06 +0600</pubDate>
      
      <guid>http://precisionwrapandtint.com/portfolio/_index.fr/</guid>
      <description></description>
    </item>
    
    <item>
      <title>FRANCAIS Our Services</title>
      <link>http://precisionwrapandtint.com/service/_index.fr/</link>
      <pubDate>Sat, 07 Jul 2018 14:53:13 +0600</pubDate>
      
      <guid>http://precisionwrapandtint.com/service/_index.fr/</guid>
      <description></description>
    </item>
    
    <item>
      <title>A propos de nous ...</title>
      <link>http://precisionwrapandtint.com/about/_index.fr/</link>
      <pubDate>Sat, 07 Jul 2018 12:37:52 +0600</pubDate>
      
      <guid>http://precisionwrapandtint.com/about/_index.fr/</guid>
      <description></description>
    </item>
    
  </channel>
</rss>